{"cameraMode":{"drawMode":0,"name":"Shaded","section":"Shading Mode"},"sceneLighting":false,"audioPlay":false,"sceneViewState":{"m_AlwaysRefresh":false,"showFog":true,"showSkybox":false,"showFlares":true,"showImageEffects":true,"showParticleSystems":true,"showVisualEffectGraphs":true,"m_FxEnabled":true},"in2DMode":false,"pivot":{"x":123.06993865966797,"y":-22.369964599609376,"z":145.88999938964845},"rotation":{"x":-0.46760860085487368,"y":-0.5269649028778076,"z":0.44702303409576418,"w":-0.5512375831604004},"size":0.8660253882408142,"orthographic":false}