{"cameraMode":{"drawMode":0,"name":"Shaded","section":"Shading Mode"},"sceneLighting":false,"audioPlay":false,"sceneViewState":{"m_AlwaysRefresh":false,"showFog":true,"showSkybox":false,"showFlares":true,"showImageEffects":true,"showParticleSystems":true,"showVisualEffectGraphs":true,"m_FxEnabled":true},"in2DMode":false,"pivot":{"x":123.06993865966797,"y":-22.369964599609376,"z":149.45848083496095},"rotation":{"x":0.6249187588691711,"y":-0.003031802596524358,"z":0.0024342488031834366,"w":0.7807291746139526},"size":0.8660253882408142,"orthographic":false}